iter	Logloss
0	0.6139257342
1	0.5591141201
2	0.4950098842
3	0.4457808535
4	0.4021207124
5	0.3691767505
6	0.3378059065
7	0.302396625
8	0.2699334842
9	0.2456194437
10	0.2262947271
11	0.2128156915
12	0.1989007106
13	0.1877488415
14	0.1729784615
15	0.1582337959
16	0.1451503136
17	0.1335753756
18	0.1232362143
19	0.117953518
20	0.1108010357
21	0.105657061
22	0.1014184389
23	0.09518372578
24	0.08924066057
25	0.08555828492
26	0.08145932325
27	0.07723737152
28	0.07334862218
29	0.07086944261
30	0.06743493126
31	0.06506725773
32	0.06272181131
33	0.0603599245
34	0.05839857291
35	0.05670057435
36	0.05557409377
37	0.05407611373
38	0.05270334645
39	0.05175436346
40	0.05022569659
41	0.04937663663
42	0.04846107735
43	0.04760052061
44	0.04692222624
45	0.04625523065
46	0.04565466094
47	0.04512895446
48	0.04458046199
49	0.04410060214
50	0.04365539551
51	0.04322643767
52	0.04289750187
53	0.04232830241
54	0.04189253592
55	0.04155052252
56	0.04100995964
57	0.04062296507
58	0.04034305667
59	0.04006827711
60	0.03976322907
61	0.0395574909
62	0.03934160682
63	0.0391502588
64	0.03887860892
65	0.03856474029
66	0.0383249876
67	0.03816707926
68	0.03797863098
69	0.03779988471
70	0.03761424994
71	0.03743073889
72	0.03721935133
73	0.03705292578
74	0.03689566573
75	0.03674013019
76	0.03655987975
77	0.03637966445
78	0.03623168485
79	0.0360743258
80	0.03597343512
81	0.03585822775
82	0.03572642668
83	0.03565848068
84	0.03551249706
85	0.03542574423
86	0.03532777246
87	0.03522099287
88	0.03513470311
89	0.03500458505
90	0.03490217743
91	0.03473990988
92	0.0346276789
93	0.03449296532
94	0.03439170738
95	0.03432041135
96	0.03421127492
97	0.03410021916
98	0.03400809159
99	0.0338764023
100	0.03377264062
101	0.0336867245
102	0.03361582766
103	0.03352399389
104	0.03340430278
105	0.03331713798
106	0.03322965064
107	0.033172914
108	0.03311093675
109	0.03303798006
110	0.03292897138
111	0.03281946769
112	0.03271325336
113	0.03261952262
114	0.03259656099
115	0.03253065886
116	0.0324965166
117	0.03238445169
118	0.03231406581
119	0.03222821676
120	0.03215575508
121	0.03207507638
122	0.03206951002
123	0.03200501945
124	0.03192799098
125	0.03187467783
126	0.03179905454
127	0.031712752
128	0.0316552521
129	0.03156797873
130	0.0314733538
131	0.03135914282
132	0.03129623624
133	0.03125797749
134	0.03117148654
135	0.03107624844
136	0.03102828769
137	0.03095607829
138	0.03091092786
139	0.0308247403
140	0.03075586178
141	0.0307026636
142	0.03064139531
143	0.03053189162
144	0.03046922776
145	0.03041051112
146	0.03035380642
147	0.03032601933
148	0.03026134671
149	0.03020746831
150	0.03013467769
151	0.03003505804
152	0.02997118701
153	0.02992748007
154	0.02987337492
155	0.02982773268
156	0.02979214055
157	0.02974274589
158	0.02966793375
159	0.02962370306
160	0.0295817845
161	0.02952477961
162	0.02949212874
163	0.02948944616
164	0.02938411644
165	0.0293141585
166	0.0292962299
167	0.02924243772
168	0.02919035409
169	0.02912685351
170	0.02908396092
171	0.02905194557
172	0.02899644484
173	0.02894810724
174	0.02889535935
175	0.02882387809
176	0.02874029007
177	0.02869882819
178	0.02864180733
179	0.02858517289
180	0.02854590817
181	0.02851455708
182	0.02845720089
183	0.02837416217
184	0.02832546051
185	0.02826967555
186	0.02822862564
187	0.02818507837
188	0.02812855889
189	0.02809877903
190	0.02801284375
191	0.0279857784
192	0.02791720966
193	0.02789222012
194	0.02784698985
195	0.0277862485
196	0.02772391995
197	0.02769226866
198	0.02762387556
199	0.0275711149
200	0.02754112106
201	0.02748572253
202	0.02743396144
203	0.02739162453
204	0.02733347954
205	0.02729711776
206	0.02727205477
207	0.02721727897
208	0.02716130879
209	0.02711304784
210	0.02708190113
211	0.02703756186
212	0.02697914542
213	0.02692504985
214	0.02688815156
215	0.0268307315
216	0.02677628943
217	0.02672112562
218	0.02671125754
219	0.02660884354
220	0.02653023906
221	0.02646328466
222	0.02641313153
223	0.02638653723
224	0.02636093133
225	0.02633214945
226	0.02625522957
227	0.02622180586
228	0.02618210522
229	0.02615911485
230	0.02608818607
231	0.02605216281
232	0.02601166538
233	0.02597248689
234	0.025907257
235	0.02586628853
236	0.02582924972
237	0.02581372427
238	0.02575975165
239	0.02572993665
240	0.02567877596
241	0.02565397164
242	0.02562142297
243	0.02554928383
244	0.02549846804
245	0.02546212223
246	0.0254428252
247	0.02539298184
248	0.02533034352
249	0.02529919362
250	0.02528144386
251	0.02525152028
252	0.02521153383
253	0.02518176354
254	0.025126167
255	0.02509796954
256	0.0250551504
257	0.02501042311
258	0.02494417608
259	0.02489788875
260	0.02486134813
261	0.02484133414
262	0.02480408456
263	0.02477110794
264	0.02470877301
265	0.02464516226
266	0.0245899218
267	0.02456670787
268	0.02454028443
269	0.02450921117
270	0.02444485153
271	0.02440410341
272	0.02438701152
273	0.02435016592
274	0.02430425383
275	0.02426621703
276	0.02420229491
277	0.02414691872
278	0.0241341525
279	0.02407840427
280	0.02405677115
281	0.02401528372
282	0.02397636711
283	0.02395588047
284	0.02390792291
285	0.02387325851
286	0.02383085932
287	0.02376307619
288	0.02373750861
289	0.02369444038
290	0.02365804986
291	0.0235911705
292	0.02356210919
293	0.02354077147
294	0.02350446079
295	0.02343014206
296	0.02337487126
297	0.02330550573
298	0.02326605898
299	0.02320807207
300	0.02318093167
301	0.02317004645
302	0.02313052625
303	0.02311018971
304	0.02306019466
305	0.02304670989
306	0.02298254985
307	0.02296687111
308	0.02293282944
309	0.02286657762
310	0.02283691751
311	0.02279675541
312	0.02276320555
313	0.02273773538
314	0.02269657689
315	0.0226543294
316	0.0226139645
317	0.02254175351
318	0.02252639892
319	0.02248782082
320	0.02248031916
321	0.02247313367
322	0.02245754914
323	0.02243158237
324	0.02241462302
325	0.02237575909
326	0.02233621654
327	0.02230853484
328	0.02226739391
329	0.02224559153
330	0.02218019239
331	0.02213505952
332	0.02211983426
333	0.02209038653
334	0.02205019728
335	0.02202390956
336	0.02201518957
337	0.02197912798
338	0.0219607475
339	0.02193262189
340	0.02188641759
341	0.02185076478
342	0.02182347109
343	0.02178352774
344	0.02172132375
345	0.02168297398
346	0.02165529867
347	0.0216225488
348	0.02156940012
349	0.02153696321
350	0.02148866554
351	0.02141781181
352	0.02137521622
353	0.02134052467
354	0.02129576225
355	0.02127658657
356	0.02124154692
357	0.02118644539
358	0.02114884132
359	0.02112436754
360	0.02102738736
361	0.02100798973
362	0.02096151078
363	0.02091715714
364	0.02088772058
365	0.02084366554
366	0.02079551636
367	0.02077176752
368	0.02073491074
369	0.02069199899
370	0.02063986266
371	0.02061296976
372	0.02058108535
373	0.02054473954
374	0.02050377745
375	0.02046943559
376	0.02045430933
377	0.02040679408
378	0.02035675113
379	0.02034055822
380	0.02030054143
381	0.02027809395
382	0.02024170343
383	0.02017584442
384	0.02015530829
385	0.02013180694
386	0.02010491724
387	0.02007188633
388	0.02006072168
389	0.020025005
390	0.01998030805
391	0.01994542648
392	0.01991519473
393	0.01986787268
394	0.01982314061
395	0.01979287532
396	0.01977865763
397	0.01973193278
398	0.01968305228
399	0.01965199499
400	0.01962375761
401	0.01958522421
402	0.0195582898
403	0.01953543675
404	0.01950526886
405	0.01947527982
406	0.01945198605
407	0.01942452151
408	0.01938316981
409	0.01934822597
410	0.01932797725
411	0.01931051172
412	0.01929738942
413	0.01924690895
414	0.01921895579
415	0.01918777715
416	0.01916410655
417	0.01912715715
418	0.01910352487
419	0.01907232068
420	0.01903636129
421	0.0190055515
422	0.01897650136
423	0.01893908092
424	0.0188956119
425	0.01885080956
426	0.01881765092
427	0.01879283702
428	0.01878290827
429	0.01873097793
430	0.01869574667
431	0.01865504486
432	0.01860342269
433	0.01856906487
434	0.01853835727
435	0.01851022368
436	0.01848076477
437	0.01845109827
438	0.0184407847
439	0.01841029107
440	0.01837477239
441	0.01834720565
442	0.01831863933
443	0.01829646172
444	0.01826756008
445	0.01823030889
446	0.01816769293
447	0.01815030404
448	0.01813790348
449	0.01809778289
450	0.01806333246
451	0.01803153586
452	0.01799260647
453	0.01796548364
454	0.0179168171
455	0.01789327744
456	0.01787436203
457	0.01784547636
458	0.01780477774
459	0.01777875987
460	0.01772281683
461	0.01770568183
462	0.0176781151
463	0.0176590991
464	0.01763584525
465	0.01761256745
466	0.01759089122
467	0.01756190815
468	0.01753091792
469	0.01748818182
470	0.01745541119
471	0.01743669218
472	0.01740940808
473	0.0173695286
474	0.0173367436
475	0.01731017645
476	0.01728406757
477	0.01725972153
478	0.01722223722
479	0.0171972844
480	0.01717552195
481	0.01715899053
482	0.01712871726
483	0.01710795757
484	0.01708537757
485	0.01706569571
486	0.01701623558
487	0.01699764751
488	0.01696860855
489	0.01693180766
490	0.0169085139
491	0.01687606422
492	0.01685310897
493	0.01684698214
494	0.01681847171
495	0.01679462227
496	0.01677012773
497	0.01675241629
498	0.01673459947
499	0.01668969494
500	0.01668267232
501	0.01666151504
502	0.0166219645
503	0.01659912742
504	0.01658884897
505	0.01656195927
506	0.01652245823
507	0.01651712979
508	0.01647812854
509	0.01644365735
510	0.01640702412
511	0.01638747958
512	0.01636557821
513	0.01633598995
514	0.01630820605
515	0.01628974094
516	0.01626989621
517	0.01624312786
518	0.0162173048
519	0.01618014783
520	0.01615855463
521	0.01611719175
522	0.01609665722
523	0.01607486602
524	0.01605294229
525	0.01603647793
526	0.01601657253
527	0.01599461686
528	0.01597822276
529	0.01594912632
530	0.01592698542
531	0.01590250685
532	0.01586728837
533	0.01582922602
534	0.01577981699
535	0.01575908126
536	0.0157542095
537	0.0157358322
538	0.01571825809
539	0.0156831897
540	0.0156712043
541	0.01566874207
542	0.01563562175
543	0.01562982865
544	0.015595878
545	0.01556702427
546	0.01554936393
547	0.01553424565
548	0.01551512905
549	0.01549195984
550	0.01547485997
551	0.01543818522
552	0.01542112048
553	0.0153996183
554	0.01537788937
555	0.01534878973
556	0.01533418881
557	0.01531924299
558	0.01529270618
559	0.01527498197
560	0.01526016548
561	0.01523201752
562	0.01520487872
563	0.01518640243
564	0.01516606749
565	0.01514584911
566	0.01510847498
567	0.01508123239
568	0.01505108047
569	0.01503774101
570	0.01500774079
571	0.0149943598
572	0.01497838885
573	0.01496040916
574	0.01494250451
575	0.01492382224
576	0.01489399606
577	0.01486906401
578	0.01484663569
579	0.01480564806
580	0.01477866095
581	0.0147525345
582	0.01473209897
583	0.01469518471
584	0.01468060934
585	0.01464922311
586	0.01461739937
587	0.01460304436
588	0.01458132502
589	0.01454979987
590	0.01453119424
591	0.01451395066
592	0.01451008966
593	0.01448953915
594	0.0144608898
595	0.0144228578
596	0.01439273303
597	0.01437218252
598	0.01435006079
599	0.01432919732
600	0.01429763385
601	0.01427955835
602	0.01424539533
603	0.01421460311
604	0.01418765592
605	0.01416091632
606	0.01414350188
607	0.01411398069
608	0.01409835783
609	0.01408156454
610	0.01406700035
611	0.01405352995
612	0.01402257645
613	0.01400213932
614	0.01398613005
615	0.01397181974
616	0.01395673979
617	0.01394397197
618	0.01392929282
619	0.013922465
620	0.0139072637
621	0.01387892252
622	0.01384617265
623	0.01382102503
624	0.01379608499
625	0.01378486605
626	0.01377278963
627	0.01375426703
628	0.01372758651
629	0.01371199559
630	0.01369279276
631	0.01367523781
632	0.01365583698
633	0.01363688645
634	0.01363035244
635	0.01360591698
636	0.01359007378
637	0.01356773329
638	0.01354100965
639	0.01352206231
640	0.01350815758
641	0.01348978668
642	0.01347486002
643	0.01344008703
644	0.01342612802
645	0.01339733496
646	0.01338442503
647	0.0133715103
648	0.01335938519
649	0.0133316436
650	0.01330311641
651	0.01326284971
652	0.01324901046
653	0.0132358187
654	0.01321737354
655	0.01321137765
656	0.01319386741
657	0.01316722041
658	0.01315632082
659	0.0131236428
660	0.0131195351
661	0.01310217415
662	0.01308786704
663	0.01307740497
664	0.01305893985
665	0.01304648979
666	0.01303506726
667	0.01302025637
668	0.01300043479
669	0.01298855079
670	0.01296298481
671	0.01295038226
672	0.01293832261
673	0.01292681624
674	0.01292051457
675	0.01290065307
676	0.01288378473
677	0.01287844272
678	0.01285896205
679	0.01284684652
680	0.01283879717
681	0.0128151122
682	0.0128011436
683	0.01278432636
684	0.01276294873
685	0.01273541552
686	0.01271299839
687	0.01269698911
688	0.01268394026
689	0.01265717591
690	0.0126473238
691	0.01263010018
692	0.01261870239
693	0.01260714014
694	0.0125886367
695	0.01256630819
696	0.01255043783
697	0.0125213366
698	0.0124979111
699	0.01247410157
700	0.01245825517
701	0.01244904976
702	0.0124235748
703	0.0124001509
704	0.0123815796
705	0.01235783714
706	0.01234199633
707	0.0123308676
708	0.01231850296
709	0.01230320106
710	0.01229482597
711	0.01227873367
712	0.01226703649
713	0.01225963703
714	0.01224303056
715	0.01222703725
716	0.01220868072
717	0.01219425066
718	0.01217860066
719	0.01216993336
720	0.0121516407
721	0.01214214068
722	0.01213428853
723	0.01212356299
724	0.01211190094
725	0.01209952194
726	0.01208549107
727	0.01208093786
728	0.01206131828
729	0.01205114442
730	0.01202950811
731	0.01202076097
732	0.01200190305
733	0.01198987454
734	0.01196776478
735	0.01194978509
736	0.01193542768
737	0.01191557417
738	0.01189222931
739	0.01187258497
740	0.01185570466
741	0.01184515396
742	0.01184371527
743	0.01183525395
744	0.01182490924
745	0.01180925365
746	0.01179262483
747	0.01177591936
748	0.01176305973
749	0.011732915
750	0.01170992861
751	0.01168415585
752	0.01166667675
753	0.01165163672
754	0.01163905333
755	0.01162228798
756	0.01159367296
757	0.01157997342
758	0.01156575972
759	0.01155754112
760	0.01154699601
761	0.01152330625
762	0.01149847798
763	0.01147323854
764	0.01146216969
765	0.01145122459
766	0.01143503089
767	0.01141955255
768	0.01140729729
769	0.01139181655
770	0.01138524183
771	0.01138118203
772	0.01136545219
773	0.01135197141
774	0.0113295926
775	0.01132400787
776	0.01132009737
777	0.01130229172
778	0.0112879926
779	0.01127642875
780	0.0112627811
781	0.01124942248
782	0.01124091965
783	0.01121649537
784	0.01119858753
785	0.01119232497
786	0.01117960346
787	0.01115465064
788	0.01114264688
789	0.01112737452
790	0.01110730624
791	0.011089301
792	0.01107655633
793	0.01105823573
794	0.01104282205
795	0.01103480224
796	0.01102261406
797	0.01100391342
798	0.01098636645
799	0.0109770772
800	0.01095235672
801	0.01092640273
802	0.01091728514
803	0.01090352732
804	0.01089005133
805	0.01085895332
806	0.01083674217
807	0.01082156801
808	0.01079636211
809	0.01078919019
810	0.0107667515
811	0.01075430463
812	0.01073242082
813	0.01071571296
814	0.01068980687
815	0.01068052162
816	0.01067550934
817	0.01066243494
818	0.01063758911
819	0.01062394546
820	0.01060658451
821	0.01059248818
822	0.01057246621
823	0.01055957064
824	0.01054137858
825	0.0105195267
826	0.01050936163
827	0.01049418906
828	0.01048202642
829	0.01047385333
830	0.01046599959
831	0.0104571279
832	0.01045512395
833	0.01043438662
834	0.01043092481
835	0.01041678855
836	0.0104039369
837	0.01039459896
838	0.01038830207
839	0.01037894178
840	0.01037558136
841	0.01037069842
842	0.01036346822
843	0.01034505819
844	0.01032746971
845	0.01031156902
846	0.01029249393
847	0.01028234004
848	0.01025831016
849	0.01023809498
850	0.01021722272
851	0.0101982155
852	0.0101937094
853	0.01019017414
854	0.01018286889
855	0.01017465827
856	0.01015908651
857	0.01014784042
858	0.01013751407
859	0.0101244756
860	0.01010998007
861	0.0100959979
862	0.01008817849
863	0.01006908824
864	0.01005856788
865	0.01005235563
866	0.01003164624
867	0.01001448569
868	0.0100069058
869	0.00998465952
870	0.009971473346
871	0.009959302721
872	0.00995103781
873	0.009943413206
874	0.009922013217
875	0.009915187001
876	0.009906489363
877	0.009884729302
878	0.009869171117
879	0.00984920184
880	0.009833837663
881	0.009818345745
882	0.009801914922
883	0.009791776993
884	0.009781158434
885	0.009753658763
886	0.009746064497
887	0.009740296943
888	0.00973713373
889	0.009729912312
890	0.009710793318
891	0.009697248667
892	0.009694183656
893	0.009686780205
894	0.009668168986
895	0.009650698662
896	0.009639811845
897	0.009627437631
898	0.009619689277
899	0.009608232411
900	0.009598520023
901	0.009590634346
902	0.009569419583
903	0.00955815912
904	0.009538696819
905	0.009531718111
906	0.009519011768
907	0.00951145343
908	0.009502091534
909	0.009481715877
910	0.009472407472
911	0.009452692082
912	0.009442595669
913	0.009430401891
914	0.009413733149
915	0.009407840248
916	0.009398523062
917	0.009389001488
918	0.009381740949
919	0.009374925111
920	0.00935806795
921	0.009350142353
922	0.009333289184
923	0.009322418334
924	0.009313459624
925	0.009302622307
926	0.009287042566
927	0.009277964896
928	0.009267609805
929	0.009255819213
930	0.009245820203
931	0.009234774507
932	0.009218959241
933	0.009213705849
934	0.009199395545
935	0.009189101132
936	0.009175878232
937	0.009165167858
938	0.009156489382
939	0.009140624617
940	0.009135535692
941	0.009128438823
942	0.009113782816
943	0.00909912681
944	0.009092355683
945	0.009080862091
946	0.009073167228
947	0.00906504443
948	0.009053045459
949	0.00904772101
950	0.009024722649
951	0.009005475114
952	0.008999820133
953	0.00898706908
954	0.008963432807
955	0.008954721597
956	0.008945023579
957	0.00892978475
958	0.008916344689
959	0.008909293327
960	0.008905665452
961	0.008899091527
962	0.008882109816
963	0.008870533991
964	0.00886139245
965	0.008837821644
966	0.008831455299
967	0.008815377364
968	0.008804164007
969	0.008780759266
970	0.008764710871
971	0.008758551309
972	0.00874709604
973	0.008737184853
974	0.00872323542
975	0.008719910933
976	0.008706424565
977	0.008689471597
978	0.008682958348
979	0.008672312644
980	0.008654182054
981	0.008643623374
982	0.008635541294
983	0.008618298511
984	0.008609402873
985	0.008600310832
986	0.008590286274
987	0.008578906053
988	0.00856900285
989	0.008551741704
990	0.008537276513
991	0.008530957273
992	0.008522278796
993	0.008504496303
994	0.008494192309
995	0.008481809313
996	0.008469929302
997	0.008452185131
998	0.008441770162
999	0.00842549263
